[{"model": "admin.logentry", "pk": 1, "fields": {"action_time": "2026-04-18T05:35:29.782Z", "user": 1, "content_type": 8, "object_id": "1", "object_repr": "CategoriaPrueba", "action_flag": 1, "change_message": "[{\"added\": {}}]"}}, {"model": "auth.user", "pk": 1, "fields": {"password": "pbkdf2_sha256$1200000$QtP0oz6hUOFi1PAMPY0pKD$jpHb+vLS9DjjqltpAWDlt/mWnatWauIQ5PlQ7M+YC+0=", "last_login": "2026-04-22T03:18:01.454Z", "is_superuser": true, "username": "magnoAdrian", "first_name": "", "last_name": "", "email": "magnoliga@gmail.com", "is_staff": true, "is_active": true, "date_joined": "2026-04-18T02:36:30.315Z", "groups": [], "user_permissions": []}}, {"model": "sessions.session", "pk": "1o47ixpn8rhj9h8yt7tobk26168m0x1r", "fields": {"session_data": ".eJxVjMsOwiAQAP9lz4ZAC8j26L3fQLa7IFUDSR8n47-bJj3odWYyb4i0byXua1riLDCAgcsvm4ifqR5CHlTvTXGr2zJP6kjUaVc1Nkmv29n-DQqtBQa4ksE-IZPLxiNqNpR6CRx8EmvEuyyUtbPBmiCWJ0Qt2XXeomjNXYbPF-2WOBA:1wFO6D:5B60jfW-B6C_lUbZoU8wtFWgsRTwSEOasEwf9P1pcy4", "expire_date": "2026-05-06T03:18:01.467Z"}}, {"model": "sessions.session", "pk": "clxgiyet31w58pcrtgs9z22p9mrvxfs5", "fields": {"session_data": ".eJxVjMsOwiAQAP9lz4ZAC8j26L3fQLa7IFUDSR8n47-bJj3odWYyb4i0byXua1riLDCAgcsvm4ifqR5CHlTvTXGr2zJP6kjUaVc1Nkmv29n-DQqtBQa4ksE-IZPLxiNqNpR6CRx8EmvEuyyUtbPBmiCWJ0Qt2XXeomjNXYbPF-2WOBA:1wEXKi:Aa6ISN9448CPYH0MYfv6lnQvcbSNcWMR_6QP2FQd3dI", "expire_date": "2026-05-03T18:57:28.478Z"}}, {"model": "sessions.session", "pk": "qbeve1s3sg7vku2kutv2qqukwa1g354q", "fields": {"session_data": ".eJxVjMsOwiAQAP9lz4ZAC8j26L3fQLa7IFUDSR8n47-bJj3odWYyb4i0byXua1riLDCAgcsvm4ifqR5CHlTvTXGr2zJP6kjUaVc1Nkmv29n-DQqtBQa4ksE-IZPLxiNqNpR6CRx8EmvEuyyUtbPBmiCWJ0Qt2XXeomjNXYbPF-2WOBA:1wExhc:wd78AImP_rcRWrUg-c-NoMIw8JP9k9vdcBpoEJhPjnY", "expire_date": "2026-05-04T23:06:52.563Z"}}, {"model": "sessions.session", "pk": "sjp9lvzc94ndiyg2sorsey0cajigjgs8", "fields": {"session_data": ".eJxVjMsOwiAQAP9lz4ZAC8j26L3fQLa7IFUDSR8n47-bJj3odWYyb4i0byXua1riLDCAgcsvm4ifqR5CHlTvTXGr2zJP6kjUaVc1Nkmv29n-DQqtBQa4ksE-IZPLxiNqNpR6CRx8EmvEuyyUtbPBmiCWJ0Qt2XXeomjNXYbPF-2WOBA:1wFIOJ:fgVB2jYY3cUo2a1jHW4X99LYZLzVVwuzjhagMd0hbUc", "expire_date": "2026-05-05T21:12:19.234Z"}}, {"model": "sessions.session", "pk": "whh1bhd5cykvo7s1ejlay3ix211acial", "fields": {"session_data": ".eJxVjMsOwiAQAP9lz4ZAC8j26L3fQLa7IFUDSR8n47-bJj3odWYyb4i0byXua1riLDCAgcsvm4ifqR5CHlTvTXGr2zJP6kjUaVc1Nkmv29n-DQqtBQa4ksE-IZPLxiNqNpR6CRx8EmvEuyyUtbPBmiCWJ0Qt2XXeomjNXYbPF-2WOBA:1wFJmk:l7ZHuacsF_K-LyOwPwT-9uocZPdT3I06Ffuis_-AprU", "expire_date": "2026-05-05T22:41:38.659Z"}}, {"model": "core.categoria", "pk": 2, "fields": {"nombre": "+40", "imagen": "categorias/WhatsApp_Image_2026-04-15_at_3_27aTByV.59.32_PM.jpeg", "orden": 0}}, {"model": "core.categoria", "pk": 3, "fields": {"nombre": "3ra Fuerza", "imagen": "", "orden": 1}}, {"model": "core.categoria", "pk": 4, "fields": {"nombre": "Categoría A", "imagen": "", "orden": 2}}, {"model": "core.categoria", "pk": 5, "fields": {"nombre": "Categoría B", "imagen": "", "orden": 3}}, {"model": "core.categoria", "pk": 6, "fields": {"nombre": "Femenil 3x3", "imagen": "", "orden": 4}}, {"model": "core.categoria", "pk": 7, "fields": {"nombre": "3x3 \"A\"", "imagen": "", "orden": 5}}, {"model": "core.categoria", "pk": 8, "fields": {"nombre": "3x3 \"B\"", "imagen": "", "orden": 6}}, {"model": "core.categoria", "pk": 9, "fields": {"nombre": "Mixto 3x3", "imagen": "", "orden": 7}}, {"model": "core.categoria", "pk": 10, "fields": {"nombre": "3x3 Veteranos", "imagen": "", "orden": 8}}, {"model": "core.categoria", "pk": 11, "fields": {"nombre": "3x3 Dom. \"A\"", "imagen": "", "orden": 9}}, {"model": "core.categoria", "pk": 12, "fields": {"nombre": "3x3 Dom. \"B\"", "imagen": "", "orden": 10}}, {"model": "core.categoria", "pk": 13, "fields": {"nombre": "Femenil", "imagen": "", "orden": 11}}, {"model": "core.jornada", "pk": 1, "fields": {"categoria": 6, "label": "Jornada 1", "fecha": "2026-04-21"}}, {"model": "core.jornada", "pk": 2, "fields": {"categoria": 6, "label": "Jornada 2", "fecha": "2026-04-29"}}, {"model": "core.jornada", "pk": 3, "fields": {"categoria": 6, "label": "Jornada 3", "fecha": "2026-04-29"}}, {"model": "core.jornada", "pk": 4, "fields": {"categoria": 6, "label": "Jornada 4", "fecha": "2026-04-16"}}, {"model": "core.jornada", "pk": 5, "fields": {"categoria": 7, "label": "Jornada 1", "fecha": "2026-04-22"}}, {"model": "core.partido", "pk": 1, "fields": {"jornada": 1, "local": "Freskas", "visitante": "Hashiras", "fecha": "2026-04-21", "hora": "21:00:00", "pts_local": 45, "pts_visit": 30}}, {"model": "core.partido", "pk": 2, "fields": {"jornada": 2, "local": "Cuervas", "visitante": "Cuervitas", "fecha": "2026-04-29", "hora": "21:00:00", "pts_local": null, "pts_visit": null}}, {"model": "core.partido", "pk": 3, "fields": {"jornada": 3, "local": "Hashiras", "visitante": "Freskas", "fecha": "2026-04-29", "hora": "18:00:00", "pts_local": null, "pts_visit": null}}, {"model": "core.partido", "pk": 4, "fields": {"jornada": 4, "local": "Cuervas", "visitante": "unity", "fecha": "2026-04-16", "hora": "18:00:00", "pts_local": null, "pts_visit": null}}, {"model": "core.partido", "pk": 5, "fields": {"jornada": 5, "local": "Cuervos", "visitante": "Lakers", "fecha": "2026-04-22", "hora": "22:00:00", "pts_local": 45, "pts_visit": 30}}, {"model": "core.equipo", "pk": 1, "fields": {"categoria": 6, "nombre": "Hashiras"}}, {"model": "core.equipo", "pk": 2, "fields": {"categoria": 7, "nombre": "cuervos"}}, {"model": "core.jugador", "pk": 1, "fields": {"equipo": 1, "nombre": "Melissa Zacarias", "numero": "7"}}, {"model": "core.jugador", "pk": 2, "fields": {"equipo": 1, "nombre": "Gabriela Esparza", "numero": "10"}}, {"model": "core.jugador", "pk": 3, "fields": {"equipo": 2, "nombre": "Marco", "numero": "12"}}, {"model": "core.asistencia", "pk": 1, "fields": {"jugador": 1, "jornada": 1, "presente": true}}, {"model": "core.asistencia", "pk": 2, "fields": {"jugador": 1, "jornada": 2, "presente": true}}, {"model": "core.asistencia", "pk": 3, "fields": {"jugador": 2, "jornada": 1, "presente": true}}, {"model": "core.asistencia", "pk": 4, "fields": {"jugador": 2, "jornada": 2, "presente": true}}, {"model": "core.asistencia", "pk": 5, "fields": {"jugador": 1, "jornada": 4, "presente": true}}, {"model": "core.asistencia", "pk": 6, "fields": {"jugador": 1, "jornada": 3, "presente": true}}, {"model": "core.asistencia", "pk": 7, "fields": {"jugador": 2, "jornada": 3, "presente": true}}, {"model": "core.asistencia", "pk": 8, "fields": {"jugador": 2, "jornada": 4, "presente": false}}, {"model": "core.asistencia", "pk": 9, "fields": {"jugador": 3, "jornada": 5, "presente": true}}, {"model": "core.standing", "pk": 1, "fields": {"categoria": 6, "equipo": "Hashiras", "orden": 0, "jj": 0, "jg": 0, "jp": 0, "pf": 0, "pc": 0, "pts": 0}}, {"model": "core.standing", "pk": 2, "fields": {"categoria": 7, "equipo": "cuervos", "orden": 0, "jj": 0, "jg": 0, "jp": 0, "pf": 0, "pc": 0, "pts": 0}}, {"model": "core.galeriaitem", "pk": 1, "fields": {"categoria": 6, "tipo": "foto", "imagen": "galeria/WhatsApp_Image_2026-04-15_at_3.59.32_PM.jpeg", "video_url": null, "titulo": "", "orden": 0}}, {"model": "core.rolcategoria", "pk": 1, "fields": {"slug": "cat_1", "nombre": "+40", "imagen": "rol/WhatsApp_Image_2026-04-15_at_3_xFUgmTz.59.32_PM.jpeg"}}, {"model": "core.rolcategoria", "pk": 2, "fields": {"slug": "cat_2", "nombre": "3ra Fuerza", "imagen": ""}}, {"model": "core.rolcategoria", "pk": 3, "fields": {"slug": "cat_3", "nombre": "A", "imagen": ""}}, {"model": "core.rolcategoria", "pk": 4, "fields": {"slug": "cat_4", "nombre": "B", "imagen": ""}}, {"model": "core.rolcategoria", "pk": 5, "fields": {"slug": "cat_5", "nombre": "Femenil", "imagen": ""}}, {"model": "core.rolcategoria", "pk": 6, "fields": {"slug": "cat_6", "nombre": "3x3 Femenil A", "imagen": ""}}, {"model": "core.rolcategoria", "pk": 7, "fields": {"slug": "cat_7", "nombre": "3x3 Varonil Miércoles", "imagen": ""}}, {"model": "core.rolcategoria", "pk": 8, "fields": {"slug": "cat_8", "nombre": "3x3 Varonil Jueves", "imagen": ""}}, {"model": "core.rolcategoria", "pk": 9, "fields": {"slug": "cat_9", "nombre": "Mixto 3x3", "imagen": ""}}, {"model": "core.rolcategoria", "pk": 10, "fields": {"slug": "cat_10", "nombre": "Veteranos +40 3x3", "imagen": ""}}, {"model": "core.rolcategoria", "pk": 11, "fields": {"slug": "cat_11", "nombre": "3x3 Domingo Grupo A", "imagen": ""}}, {"model": "core.rolcategoria", "pk": 12, "fields": {"slug": "cat_12", "nombre": "3x3 Domingo Grupo B", "imagen": "rol/WhatsApp_Image_2026-04-15_at_3_iON5CpM.59.32_PM.jpeg"}}, {"model": "core.rolpartido", "pk": 1, "fields": {"categoria": 6, "t1": "Freskas", "t2": "Cuervas", "fecha": "2026-04-21", "hora": "20:30:00", "cancha": "La perla"}}, {"model": "core.rolpartido", "pk": 2, "fields": {"categoria": 1, "t1": "Titanes", "t2": "Gengars", "fecha": "2026-04-22", "hora": "19:45:00", "cancha": "La perla"}}, {"model": "core.comunicacionesitem", "pk": 7, "fields": {"tipo": "video", "titulo": "prueba", "descripcion": "", "imagen": "", "video_url": "https://www.youtube.com/watch?v=9ifwAPFxpu0", "orden": 0, "creado": "2026-04-22T03:19:18.206Z"}}, {"model": "core.comunicacionesitem", "pk": 8, "fields": {"tipo": "video", "titulo": "prueba 2", "descripcion": "", "imagen": "", "video_url": "https://www.youtube.com/watch?v=SI7O81GMG2A", "orden": 1, "creado": "2026-04-22T03:58:13.220Z"}}, {"model": "core.depoturismoitem", "pk": 2, "fields": {"tipo": "video", "titulo": "prueba", "descripcion": "", "imagen": "", "video_url": "https://www.youtube.com/watch?v=9ifwAPFxpu0", "orden": 0, "creado": "2026-04-22T03:19:57.013Z"}}, {"model": "core.arquitecturadeportiva", "pk": 2, "fields": {"titulo": "prueba", "descripcion": "", "imagen": "", "video_url": "https://www.youtube.com/watch?v=9ifwAPFxpu0", "tipo": "video", "orden": 0, "creado": "2026-04-22T03:20:08.236Z"}}]
